USE ELDHOSE;
CREATE TABLE Worker (
    WORKER_ID INT NOT NULL PRIMARY KEY,
    FIRST_NAME CHAR(25),
    LAST_NAME CHAR(25),
    SALARY INT,
    JOINING_DATE DATETIME,
    DEPARTMENT CHAR(25)
);

INSERT INTO Worker (WORKER_ID, FIRST_NAME, LAST_NAME, SALARY, JOINING_DATE, DEPARTMENT) VALUES
    (1, 'Monika', 'Arora', 100000, '2021-02-20 09:00:00', 'HR'),
    (2, 'Niharika', 'Verma', 80000, '2021-06-11 09:00:00', 'Admin'),
    (3, 'Vishal', 'Singhal', 300000, '2021-02-20 09:00:00', 'HR'),
    (4, 'Amitabh', 'Singh', 500000, '2021-02-20 09:00:00', 'Admin'),
    (5, 'Vivek', 'Bhati', 500000, '2021-06-11 09:00:00', 'Admin'),
    (6, 'Vipul', 'Diwan', 200000, '2021-06-11 09:00:00', 'Account'),
    (7, 'Satish', 'Kumar', 75000, '2021-01-20 09:00:00', 'Account'),
    (8, 'Geetika', 'Chauhan', 90000, '2021-04-11 09:00:00', 'Admin');

CREATE TABLE Bonus (
    WORKER_REF_ID INT,
    BONUS_AMOUNT INT,
    BONUS_DATE DATETIME,
    FOREIGN KEY (WORKER_REF_ID) REFERENCES Worker(WORKER_ID) ON DELETE CASCADE
);

INSERT INTO Bonus (WORKER_REF_ID, BONUS_AMOUNT, BONUS_DATE) VALUES
    (1, 5000, '2023-02-20'),
    (2, 3000, '2023-06-11'),
    (3, 4000, '2023-02-20'),
    (1, 4500, '2023-02-20'),
    (2, 3500, '2023-06-11');

CREATE TABLE Title (
    WORKER_REF_ID INT,
    WORKER_TITLE CHAR(25),
    AFFECTED_FROM DATETIME,
    FOREIGN KEY (WORKER_REF_ID) REFERENCES Worker(WORKER_ID) ON DELETE CASCADE
);

INSERT INTO Title (WORKER_REF_ID, WORKER_TITLE, AFFECTED_FROM) VALUES
    (1, 'Manager', '2023-02-20 00:00:00'),
    (2, 'Executive', '2023-06-11 00:00:00'),
    (8, 'Executive', '2023-06-11 00:00:00'),
    (5, 'Manager', '2023-06-11 00:00:00'),
    (4, 'Asst. Manager', '2023-06-11 00:00:00'),
    (7, 'Executive', '2023-06-11 00:00:00'),
    (6, 'Lead', '2023-06-11 00:00:00'),
    (3, 'Lead', '2023-06-11 00:00:00');
    
    
-- Q1
SELECT W.FIRST_NAME AS WORKER_NAME FROM WORKER W;

-- Q2
SELECT UPPER(W.FIRST_NAME) AS WORKER_NAME FROM WORKER W;

-- Q3
SELECT DISTINCT W.DEPARTMENT AS DEPARTMENT_NAME FROM WORKER W;

-- Q4
SELECT LEFT(W.FIRST_NAME,3) FROM WORKER W;
SELECT SUBSTRING(W.FIRST_NAME,1,3) FROM WORKER W;

-- Q5
SELECT INSTR(W.FIRST_NAME,'A') FROM WORKER W WHERE W.FIRST_NAME = 'AMITABH'; 

-- Q6
SELECT RTRIM(W.FIRST_NAME) FROM WORKER W;

-- Q7
SELECT LTRIM(W.DEPARTMENT) FROM WORKER W;

-- Q8
SELECT DISTINCT W.DEPARTMENT,LENGTH(W.DEPARTMENT) FROM WORKER W;

-- Q9
SELECT REPLACE(W.FIRST_NAME,'a','A') FROM WORKER W;

-- Q10
SELECT CONCAT(W.FIRST_NAME,' ',W.LAST_NAME) AS COMPLETE_NAME FROM WORKER W;

-- Q11
SELECT * FROM WORKER W ORDER BY W.FIRST_NAME ASC;

-- Q12
SELECT * FROM WORKER W ORDER BY W.FIRST_NAME ASC, W.DEPARTMENT DESC;

-- Q13
SELECT * FROM WORKER W WHERE W.FIRST_NAME IN ('VIPUL','SATISH');

-- Q14
SELECT * FROM WORKER W WHERE W.FIRST_NAME NOT IN ('VIPUL','SATISH');

-- Q15
SELECT * FROM WORKER W WHERE W.DEPARTMENT = 'ADMIN';

-- Q16
SELECT * FROM WORKER W WHERE W.FIRST_NAME LIKE '%A%';

-- Q17
SELECT * FROM WORKER W WHERE W.FIRST_NAME LIKE '%A';

-- Q18
SELECT * FROM WORKER W WHERE W.FIRST_NAME LIKE '_____H';

-- Q19
SELECT * FROM WORKER W WHERE W.SALARY BETWEEN 100000 AND 500000;

-- Q20
SELECT * FROM WORKER W WHERE DATE_FORMAT(W.JOINING_DATE,'%m-%Y') = '02-2021';

-- Q21
SELECT COUNT(W.WORKER_ID) FROM WORKER W WHERE W.DEPARTMENT = 'ADMIN';

-- Q22
SELECT W.FIRST_NAME,W.SALARY FROM WORKER W WHERE W.SALARY >= 50000  AND W.SALARY <=100000;

-- Q23
SELECT W.DEPARTMENT,COUNT(W.WORKER_ID) AS NO_OF_WORKERS FROM WORKER W GROUP BY W.DEPARTMENT ORDER BY NO_OF_WORKERS DESC;